start_date,end_date,filename,camera_id
2023-05-10T16:33:32.111955,2023-05-10T16:34:36.108955,1683736412111955.mp4,
2023-05-10T16:34:36.108955,2023-05-10T16:35:40.105955,1683736476108955.mp4,
2023-05-10T16:35:40.105955,2023-05-10T16:36:44.102955,1683736540105955.mp4,
2023-05-10T16:36:44.102955,2023-05-10T16:37:48.100955,1683736604102955.mp4,
2023-05-10T16:37:48.100955,2023-05-10T16:38:52.097955,1683736668100955.mp4,
2023-05-10T16:38:52.097955,2023-05-10T16:39:56.094955,1683736732097955.mp4,
2023-05-10T16:39:56.094955,2023-05-10T16:41:00.091955,1683736796094955.mp4,
2023-05-10T16:41:00.091955,2023-05-10T16:42:04.088955,1683736860091955.mp4,
2023-05-10T16:42:04.088955,2023-05-10T16:43:08.086955,1683736924088955.mp4,
2023-05-10T16:43:08.086955,2023-05-10T16:44:12.083955,1683736988086955.mp4,
2023-05-10T16:44:12.083955,2023-05-10T16:45:16.080955,1683737052083955.mp4,
2023-05-10T16:45:16.080955,2023-05-10T16:46:20.077955,1683737116080955.mp4,
2023-05-10T16:46:20.077955,2023-05-10T16:47:24.074955,1683737180077955.mp4,
2023-05-10T16:47:24.074955,2023-05-10T16:48:28.072955,1683737244074955.mp4,
2023-05-10T16:48:28.072955,2023-05-10T16:49:32.069955,1683737308072955.mp4,
2023-05-10T16:49:32.069955,2023-05-10T16:50:36.066955,1683737372069955.mp4,
2023-05-10T16:50:36.066955,2023-05-10T16:51:40.063955,1683737436066955.mp4,
2023-05-10T16:51:40.063955,2023-05-10T16:52:44.060955,1683737500063955.mp4,
2023-05-10T16:52:44.060955,2023-05-10T16:53:48.058955,1683737564060955.mp4,
2023-05-11T08:41:06.181109,2023-05-11T08:42:08.662109,1683794466181109.mp4,
2023-05-11T08:42:08.662109,2023-05-11T08:43:11.182109,1683794528662109.mp4,
2023-05-11T08:43:11.182109,2023-05-11T08:44:13.662109,1683794591182109.mp4,
2023-05-11T08:44:13.662109,2023-05-11T08:45:16.183109,1683794653662109.mp4,
2023-05-11T08:45:16.183109,2023-05-11T08:46:18.663109,1683794716183109.mp4,
2023-05-11T08:46:18.663109,2023-05-11T08:47:21.183109,1683794778663109.mp4,
2023-05-11T08:47:21.183109,2023-05-11T08:48:23.663109,1683794841183109.mp4,
2023-05-11T08:48:23.663109,2023-05-11T08:49:26.184109,1683794903663109.mp4,
2023-05-11T08:49:26.184109,2023-05-11T08:50:28.664109,1683794966184109.mp4,
2023-05-11T08:50:28.664109,2023-05-11T08:51:31.144109,1683795028664109.mp4,
2023-05-11T08:51:31.144109,2023-05-11T08:52:33.665109,1683795091144109.mp4,
2023-05-11T08:52:33.665109,2023-05-11T08:53:36.185109,1683795153665109.mp4,
2023-05-11T08:53:36.185109,2023-05-11T08:54:38.665109,1683795216185109.mp4,
2023-05-11T08:54:38.665109,2023-05-11T08:55:41.186109,1683795278665109.mp4,
2023-05-11T08:55:41.186109,2023-05-11T08:56:43.666109,1683795341186109.mp4,
2023-05-11T08:56:43.666109,2023-05-11T08:57:46.146109,1683795403666109.mp4,
2023-05-11T08:57:46.146109,2023-05-11T08:58:48.666109,1683795466146109.mp4,
2023-05-11T08:58:48.666109,2023-05-11T08:59:51.187109,1683795528666109.mp4,
2023-05-11T08:59:51.187109,2023-05-11T09:00:53.667109,1683795591187109.mp4,
2023-05-11T09:00:53.667109,2023-05-11T09:01:56.187109,1683795653667109.mp4,
2023-05-11T09:01:56.187109,2023-05-11T09:02:58.668109,1683795716187109.mp4,
2023-05-11T09:02:58.668109,2023-05-11T09:04:01.188109,1683795778668109.mp4,
2023-05-11T09:04:01.188109,2023-05-11T09:05:03.668109,1683795841188109.mp4,
2023-05-11T09:05:03.668109,2023-05-11T09:06:06.189109,1683795903668109.mp4,
2023-05-11T09:06:06.189109,2023-05-11T09:07:08.669109,1683795966189109.mp4,
2023-05-11T09:07:08.669109,2023-05-11T09:08:11.189109,1683796028669109.mp4,
2023-05-11T09:08:11.189109,2023-05-11T09:09:13.670109,1683796091189109.mp4,
2023-05-11T09:09:13.670109,2023-05-11T09:10:16.190109,1683796153670109.mp4,
2023-05-11T09:10:16.190109,2023-05-11T09:11:18.670109,1683796216190109.mp4,
2023-05-11T09:11:18.670109,2023-05-11T09:12:21.190109,1683796278670109.mp4,
2023-05-11T09:12:21.190109,2023-05-11T09:13:23.671109,1683796341190109.mp4,
2023-05-11T09:13:23.671109,2023-05-11T09:14:26.151109,1683796403671109.mp4,
2023-05-11T09:14:26.151109,2023-05-11T09:15:28.671109,1683796466151109.mp4,
2023-05-11T09:15:28.671109,2023-05-11T09:16:31.152109,1683796528671109.mp4,
2023-05-11T09:16:31.152109,2023-05-11T09:17:33.672109,1683796591152109.mp4,
2023-05-11T09:17:33.672109,2023-05-11T09:18:36.152109,1683796653672109.mp4,
2023-05-11T09:18:36.152109,2023-05-11T09:19:38.673109,1683796716152109.mp4,
2023-05-11T09:19:38.673109,2023-05-11T09:20:41.153109,1683796778673109.mp4,
2023-05-11T09:20:41.153109,2023-05-11T09:21:43.673109,1683796841153109.mp4,
2023-05-11T09:21:43.673109,2023-05-11T09:22:46.154109,1683796903673109.mp4,
2023-05-11T09:22:46.154109,2023-05-11T09:23:48.674109,1683796966154109.mp4,
2023-05-11T09:23:48.674109,2023-05-11T09:24:51.154109,1683797028674109.mp4,
2023-05-11T09:24:51.154109,2023-05-11T09:25:53.674109,1683797091154109.mp4,
2023-05-11T09:25:53.674109,2023-05-11T09:26:56.155109,1683797153674109.mp4,
2023-05-11T09:26:56.155109,2023-05-11T09:27:58.675109,1683797216155109.mp4,
2023-05-11T09:27:58.675109,2023-05-11T09:29:01.155109,1683797278675109.mp4,
2023-05-11T09:29:01.155109,2023-05-11T09:30:03.676109,1683797341155109.mp4,
2023-05-11T09:30:03.676109,2023-05-11T09:31:06.156109,1683797403676109.mp4,
2023-05-11T09:31:06.156109,2023-05-11T09:32:08.676109,1683797466156109.mp4,
2023-05-11T09:32:08.676109,2023-05-11T09:33:11.157109,1683797528676109.mp4,
2023-05-11T09:33:11.157109,2023-05-11T09:34:13.677109,1683797591157109.mp4,
2023-05-11T09:34:13.677109,2023-05-11T09:35:16.157109,1683797653677109.mp4,
2023-05-11T09:35:16.157109,2023-05-11T09:36:18.677109,1683797716157109.mp4,
2023-05-11T09:36:18.677109,2023-05-11T09:37:21.158109,1683797778677109.mp4,
2023-05-11T09:37:21.158109,2023-05-11T09:38:23.678109,1683797841158109.mp4,
2023-05-11T09:38:23.678109,2023-05-11T09:39:26.158109,1683797903678109.mp4,
2023-05-11T09:39:26.158109,2023-05-11T09:40:28.679109,1683797966158109.mp4,
2023-05-11T09:40:28.679109,2023-05-11T09:41:31.159109,1683798028679109.mp4,
2023-05-11T09:41:31.159109,2023-05-11T09:42:33.679109,1683798091159109.mp4,
2023-05-11T09:42:33.679109,2023-05-11T09:43:36.160109,1683798153679109.mp4,
2023-05-11T09:43:36.160109,2023-05-11T09:44:38.680109,1683798216160109.mp4,
2023-05-11T09:44:38.680109,2023-05-11T09:45:41.160109,1683798278680109.mp4,
2023-05-11T09:45:41.160109,2023-05-11T09:46:43.680109,1683798341160109.mp4,
2023-05-11T09:46:43.680109,2023-05-11T09:47:46.161109,1683798403680109.mp4,
2023-05-11T09:47:46.161109,2023-05-11T09:48:48.681109,1683798466161109.mp4,
2023-05-11T09:48:48.681109,2023-05-11T09:49:51.161109,1683798528681109.mp4,
2023-05-11T09:49:51.161109,2023-05-11T09:50:53.682109,1683798591161109.mp4,
2023-05-11T09:50:53.682109,2023-05-11T09:51:56.162109,1683798653682109.mp4,
2023-05-11T09:51:56.162109,2023-05-11T09:52:58.682109,1683798716162109.mp4,
2023-05-11T09:52:58.682109,2023-05-11T09:54:01.162109,1683798778682109.mp4,
2023-05-11T09:54:01.162109,2023-05-11T09:55:03.683109,1683798841162109.mp4,
2023-05-11T09:55:03.683109,2023-05-11T09:56:06.163109,1683798903683109.mp4,
2023-05-11T09:56:06.163109,2023-05-11T09:57:08.683109,1683798966163109.mp4,
2023-05-11T09:57:08.683109,2023-05-11T09:58:11.163109,1683799028683109.mp4,
2023-05-11T09:58:11.163109,2023-05-11T09:59:13.684109,1683799091163109.mp4,
2023-05-11T09:59:13.684109,2023-05-11T10:00:16.164109,1683799153684109.mp4,
2023-05-11T10:00:16.164109,2023-05-11T10:01:18.684109,1683799216164109.mp4,
2023-05-11T10:01:18.684109,2023-05-11T10:02:21.164109,1683799278684109.mp4,
2023-05-11T10:02:21.164109,2023-05-11T10:03:23.685109,1683799341164109.mp4,
2023-05-11T10:03:23.685109,2023-05-11T10:04:26.165109,1683799403685109.mp4,
2023-05-11T10:04:26.165109,2023-05-11T10:05:28.685109,1683799466165109.mp4,
2023-05-11T10:05:28.685109,2023-05-11T10:06:31.165109,1683799528685109.mp4,
2023-05-11T10:06:31.165109,2023-05-11T10:07:33.686109,1683799591165109.mp4,
2023-05-11T10:07:33.686109,2023-05-11T10:08:36.166109,1683799653686109.mp4,
2023-05-11T10:08:36.166109,2023-05-11T10:09:38.686109,1683799716166109.mp4,
2023-05-11T10:09:38.686109,2023-05-11T10:10:41.166109,1683799778686109.mp4,
2023-05-11T10:10:41.166109,2023-05-11T10:11:43.687109,1683799841166109.mp4,
2023-05-11T10:11:43.687109,2023-05-11T10:12:46.167109,1683799903687109.mp4,
2023-05-11T10:12:46.167109,2023-05-11T10:13:48.687109,1683799966167109.mp4,
2023-05-11T10:13:48.687109,2023-05-11T10:14:51.167109,1683800028687109.mp4,
2023-05-11T10:14:51.167109,2023-05-11T10:15:53.688109,1683800091167109.mp4,
2023-05-11T10:15:53.688109,2023-05-11T10:16:56.168109,1683800153688109.mp4,
2023-05-11T10:16:56.168109,2023-05-11T10:17:58.688109,1683800216168109.mp4,
2023-05-11T10:17:58.688109,2023-05-11T10:19:01.169109,1683800278688109.mp4,
2023-05-11T10:19:01.169109,2023-05-11T10:20:03.689109,1683800341169109.mp4,
2023-05-11T10:20:03.689109,2023-05-11T10:21:06.169109,1683800403689109.mp4,
2023-05-11T10:21:06.169109,2023-05-11T10:22:08.690109,1683800466169109.mp4,
2023-05-11T10:22:08.690109,2023-05-11T10:23:11.170109,1683800528690109.mp4,
2023-05-11T10:23:11.170109,2023-05-11T10:24:13.690109,1683800591170109.mp4,
2023-05-11T10:24:13.690109,2023-05-11T10:25:16.171109,1683800653690109.mp4,
2023-05-11T10:25:16.171109,2023-05-11T10:26:18.651109,1683800716171109.mp4,
2023-05-11T10:26:18.651109,2023-05-11T10:27:19.171109,1683800778651109.mp4,
2023-05-11T10:27:19.171109,2023-05-11T10:28:21.652109,1683800839171109.mp4,
2023-05-11T10:28:21.652109,2023-05-11T10:29:24.172109,1683800901652109.mp4,
2023-05-11T10:29:24.172109,2023-05-11T10:30:26.652109,1683800964172109.mp4,
2023-05-11T10:30:26.652109,2023-05-11T10:31:29.173109,1683801026652109.mp4,
2023-05-11T10:31:29.173109,2023-05-11T10:32:31.653109,1683801089173109.mp4,
2023-05-11T10:32:31.653109,2023-05-11T10:33:34.173109,1683801151653109.mp4,
2023-05-11T10:33:34.173109,2023-05-11T10:34:36.654109,1683801214173109.mp4,
2023-05-11T10:34:36.654109,2023-05-11T10:35:39.174109,1683801276654109.mp4,
2023-05-11T10:35:39.174109,2023-05-11T10:36:41.654109,1683801339174109.mp4,
2023-05-11T10:36:41.654109,2023-05-11T10:37:44.175109,1683801401654109.mp4,
2023-05-11T10:37:44.175109,2023-05-11T10:38:46.655109,1683801464175109.mp4,
2023-05-11T10:38:46.655109,2023-05-11T10:39:49.175109,1683801526655109.mp4,
2023-05-11T10:39:49.175109,2023-05-11T10:40:51.376109,1683801589175109.mp4,
2023-05-11T10:40:51.376109,2023-05-11T10:41:53.896109,1683801651376109.mp4,
2023-05-11T10:41:53.896109,2023-05-11T10:42:56.376109,1683801713896109.mp4,
2023-05-11T10:42:56.376109,2023-05-11T10:43:58.897109,1683801776376109.mp4,
2023-05-11T10:43:58.897109,2023-05-11T10:45:01.377109,1683801838897109.mp4,
2023-05-11T10:45:01.377109,2023-05-11T10:46:03.897109,1683801901377109.mp4,
2023-05-11T10:46:03.897109,2023-05-11T10:47:06.378109,1683801963897109.mp4,
2023-05-11T10:47:06.378109,2023-05-11T10:48:08.898109,1683802026378109.mp4,
2023-05-11T10:48:08.898109,2023-05-11T10:49:11.378109,1683802088898109.mp4,
2023-05-11T10:49:11.378109,2023-05-11T10:50:13.898109,1683802151378109.mp4,
2023-05-11T10:50:13.898109,2023-05-11T10:51:16.379109,1683802213898109.mp4,
2023-05-11T10:51:16.379109,2023-05-11T10:52:18.899109,1683802276379109.mp4,
2023-05-11T10:52:18.899109,2023-05-11T10:53:21.379109,1683802338899109.mp4,
2023-05-11T10:53:21.379109,2023-05-11T10:54:23.900109,1683802401379109.mp4,
2023-05-11T10:54:23.900109,2023-05-11T10:55:26.380109,1683802463900109.mp4,
2023-05-11T10:55:26.380109,2023-05-11T10:56:28.900109,1683802526380109.mp4,
2023-05-11T10:56:28.900109,2023-05-11T10:57:31.380109,1683802588900109.mp4,
2023-05-11T10:57:31.380109,2023-05-11T10:58:33.901109,1683802651380109.mp4,
2023-05-11T10:58:33.901109,2023-05-11T10:59:36.381109,1683802713901109.mp4,
2023-05-11T10:59:36.381109,2023-05-11T11:00:38.901109,1683802776381109.mp4,
2023-05-11T11:00:38.901109,2023-05-11T11:01:41.381109,1683802838901109.mp4,
2023-05-11T11:01:41.381109,2023-05-11T11:02:43.902109,1683802901381109.mp4,
2023-05-11T11:02:43.902109,2023-05-11T11:03:46.382109,1683802963902109.mp4,
2023-05-11T11:03:46.382109,2023-05-11T11:04:48.902109,1683803026382109.mp4,
2023-05-11T11:04:48.902109,2023-05-11T11:05:51.382109,1683803088902109.mp4,
2023-05-11T11:05:51.382109,2023-05-11T11:06:53.903109,1683803151382109.mp4,
2023-05-11T11:06:53.903109,2023-05-11T11:07:56.383109,1683803213903109.mp4,
2023-05-11T11:07:56.383109,2023-05-11T11:08:58.903109,1683803276383109.mp4,
2023-05-11T11:08:58.903109,2023-05-11T11:10:01.383109,1683803338903109.mp4,
2023-05-11T11:10:01.383109,2023-05-11T11:11:03.904109,1683803401383109.mp4,
2023-05-11T11:11:03.904109,2023-05-11T11:12:06.384109,1683803463904109.mp4,
2023-05-11T11:12:06.384109,2023-05-11T11:13:08.904109,1683803526384109.mp4,
2023-05-11T11:13:08.904109,2023-05-11T11:14:11.384109,1683803588904109.mp4,
2023-05-11T11:14:11.384109,2023-05-11T11:15:13.905109,1683803651384109.mp4,
2023-05-11T11:15:13.905109,2023-05-11T11:16:16.385109,1683803713905109.mp4,
2023-05-11T11:16:16.385109,2023-05-11T11:17:18.865109,1683803776385109.mp4,
2023-05-11T11:17:18.865109,2023-05-11T11:18:21.385109,1683803838865109.mp4,
2023-05-11T11:18:21.385109,2023-05-11T11:19:23.866109,1683803901385109.mp4,
2023-05-11T11:19:23.866109,2023-05-11T11:20:26.386109,1683803963866109.mp4,
2023-05-11T11:20:26.386109,2023-05-11T11:21:28.866109,1683804026386109.mp4,
2023-05-11T11:21:28.866109,2023-05-11T11:22:31.386109,1683804088866109.mp4,
2023-05-11T11:22:31.386109,2023-05-11T11:23:33.867109,1683804151386109.mp4,
2023-05-11T11:23:33.867109,2023-05-11T11:24:36.387109,1683804213867109.mp4,
2023-05-11T11:24:36.387109,2023-05-11T11:25:38.867109,1683804276387109.mp4,
2023-05-11T11:25:38.867109,2023-05-11T11:26:41.387109,1683804338867109.mp4,
2023-05-11T11:26:41.387109,2023-05-11T11:27:43.867109,1683804401387109.mp4,
2023-05-11T11:27:43.867109,2023-05-11T11:28:46.388109,1683804463867109.mp4,
2023-05-11T11:28:46.388109,2023-05-11T11:29:48.868109,1683804526388109.mp4,
2023-05-11T11:29:48.868109,2023-05-11T11:30:51.388109,1683804588868109.mp4,
2023-05-11T11:30:51.388109,2023-05-11T11:31:53.868109,1683804651388109.mp4,
2023-05-11T11:31:53.868109,2023-05-11T11:32:56.388109,1683804713868109.mp4,
2023-05-11T11:32:56.388109,2023-05-11T11:33:58.869109,1683804776388109.mp4,
2023-05-11T11:33:58.869109,2023-05-11T11:35:01.389109,1683804838869109.mp4,
2023-05-11T11:35:01.389109,2023-05-11T11:36:03.869109,1683804901389109.mp4,
2023-05-11T11:36:03.869109,2023-05-11T11:37:06.389109,1683804963869109.mp4,
2023-05-11T11:37:06.389109,2023-05-11T11:38:08.869109,1683805026389109.mp4,
2023-05-11T11:38:08.869109,2023-05-11T11:39:11.390109,1683805088869109.mp4,
2023-05-11T11:39:11.390109,2023-05-11T11:40:13.870109,1683805151390109.mp4,
2023-05-11T11:40:13.870109,2023-05-11T11:41:16.390109,1683805213870109.mp4,
2023-05-11T11:41:16.390109,2023-05-11T11:42:18.870109,1683805276390109.mp4,
2023-05-11T11:42:18.870109,2023-05-11T11:43:21.390109,1683805338870109.mp4,
2023-05-11T11:43:21.390109,2023-05-11T11:44:23.871109,1683805401390109.mp4,
2023-05-11T11:44:23.871109,2023-05-11T11:45:26.391109,1683805463871109.mp4,
2023-05-11T11:45:26.391109,2023-05-11T11:46:28.871109,1683805526391109.mp4,
2023-05-11T11:46:28.871109,2023-05-11T11:47:31.392109,1683805588871109.mp4,
2023-05-11T11:47:31.392109,2023-05-11T11:48:33.872109,1683805651392109.mp4,
2023-05-11T11:48:33.872109,2023-05-11T11:49:36.392109,1683805713872109.mp4,
2023-05-11T11:49:36.392109,2023-05-11T11:50:38.872109,1683805776392109.mp4,
2023-05-11T11:50:38.872109,2023-05-11T11:51:41.393109,1683805838872109.mp4,
2023-05-11T11:51:41.393109,2023-05-11T11:52:43.873109,1683805901393109.mp4,
2023-05-11T11:52:43.873109,2023-05-11T11:53:46.393109,1683805963873109.mp4,
2023-05-11T11:53:46.393109,2023-05-11T11:54:48.874109,1683806026393109.mp4,
2023-05-11T11:54:48.874109,2023-05-11T11:55:51.394109,1683806088874109.mp4,
2023-05-11T11:55:51.394109,2023-05-11T11:56:53.874109,1683806151394109.mp4,
2023-05-11T11:56:53.874109,2023-05-11T11:57:56.395109,1683806213874109.mp4,
2023-05-11T11:57:56.395109,2023-05-11T11:58:58.875109,1683806276395109.mp4,
2023-05-11T11:58:58.875109,2023-05-11T12:00:01.395109,1683806338875109.mp4,
2023-05-11T12:00:01.395109,2023-05-11T12:01:03.876109,1683806401395109.mp4,
2023-05-11T12:01:03.876109,2023-05-11T12:02:06.396109,1683806463876109.mp4,
2023-05-11T12:02:06.396109,2023-05-11T12:03:08.876109,1683806526396109.mp4,
2023-05-11T12:03:08.876109,2023-05-11T12:04:14.997109,1683806588876109.mp4,
2023-05-11T12:04:14.997109,2023-05-11T12:05:17.477109,1683806654997109.mp4,
2023-05-11T12:05:17.477109,2023-05-11T12:06:19.957109,1683806717477109.mp4,
2023-05-11T12:06:19.957109,2023-05-11T12:07:22.478109,1683806779957109.mp4,
2023-05-11T12:07:22.478109,2023-05-11T12:08:24.958109,1683806842478109.mp4,
2023-05-11T12:08:24.958109,2023-05-11T12:09:27.478109,1683806904958109.mp4,
2023-05-11T12:09:27.478109,2023-05-11T12:10:29.959109,1683806967478109.mp4,
2023-05-11T12:10:29.959109,2023-05-11T12:11:32.479109,1683807029959109.mp4,
2023-05-11T12:11:32.479109,2023-05-11T12:12:34.959109,1683807092479109.mp4,
2023-05-11T12:12:34.959109,2023-05-11T12:13:37.479109,1683807154959109.mp4,
2023-05-11T12:17:38.569115,2023-05-11T12:18:42.566115,1683807458569115.mp4,
2023-05-11T12:18:42.566115,2023-05-11T12:19:46.563115,1683807522566115.mp4,
2023-05-11T12:19:46.563115,2023-05-11T12:20:50.560115,1683807586563115.mp4,
2023-05-11T12:20:50.560115,2023-05-11T12:21:54.557115,1683807650560115.mp4,
2023-05-11T12:21:54.557115,2023-05-11T12:22:58.555115,1683807714557115.mp4,
2023-05-11T12:22:58.555115,2023-05-11T12:24:02.552115,1683807778555115.mp4,
2023-05-11T12:24:02.552115,2023-05-11T12:25:06.549115,1683807842552115.mp4,
2023-05-11T12:25:06.549115,2023-05-11T12:26:10.546115,1683807906549115.mp4,
2023-05-11T12:26:10.546115,2023-05-11T12:27:14.543115,1683807970546115.mp4,
2023-05-11T12:27:14.543115,2023-05-11T12:28:18.541115,1683808034543115.mp4,
2023-05-11T12:28:18.541115,2023-05-11T12:29:22.538115,1683808098541115.mp4,
2023-05-11T12:29:22.538115,2023-05-11T12:30:26.535115,1683808162538115.mp4,
2023-05-11T12:30:26.535115,2023-05-11T12:31:30.532115,1683808226535115.mp4,
2023-05-11T12:31:30.532115,2023-05-11T12:32:34.529115,1683808290532115.mp4,
2023-05-11T12:32:34.529115,2023-05-11T12:33:38.527115,1683808354529115.mp4,
2023-05-11T12:33:38.527115,2023-05-11T12:34:42.524115,1683808418527115.mp4,
2023-05-11T12:34:42.524115,2023-05-11T12:35:46.521115,1683808482524115.mp4,
2023-05-11T12:35:46.521115,2023-05-11T12:36:50.518115,1683808546521115.mp4,
2023-05-11T12:36:50.518115,2023-05-11T12:37:54.515115,1683808610518115.mp4,
2023-05-11T12:37:54.515115,2023-05-11T12:38:58.512115,1683808674515115.mp4,
2023-05-11T12:38:58.512115,2023-05-11T12:40:02.510115,1683808738512115.mp4,
2023-05-11T12:40:02.510115,2023-05-11T12:41:06.507115,1683808802510115.mp4,
2023-05-11T12:41:06.507115,2023-05-11T12:42:10.504115,1683808866507115.mp4,
2023-05-11T12:42:10.504115,2023-05-11T12:43:14.501115,1683808930504115.mp4,
2023-05-11T12:43:14.501115,2023-05-11T12:44:18.498115,1683808994501115.mp4,
2023-05-11T12:44:18.498115,2023-05-11T12:45:22.496115,1683809058498115.mp4,
2023-05-11T12:45:22.496115,2023-05-11T12:46:26.493115,1683809122496115.mp4,
2023-05-11T12:46:26.493115,2023-05-11T12:47:30.490115,1683809186493115.mp4,
2023-05-11T12:47:30.490115,2023-05-11T12:48:34.487115,1683809250490115.mp4,
2023-05-11T12:48:34.487115,2023-05-11T12:49:38.484115,1683809314487115.mp4,
2023-05-11T12:49:38.484115,2023-05-11T12:50:42.482115,1683809378484115.mp4,
2023-05-11T12:50:42.482115,2023-05-11T12:51:46.479115,1683809442482115.mp4,
2023-05-11T12:51:46.479115,2023-05-11T12:52:50.476115,1683809506479115.mp4,
2023-05-11T12:52:50.476115,2023-05-11T12:53:54.473115,1683809570476115.mp4,
2023-05-11T12:53:54.473115,2023-05-11T12:54:58.470115,1683809634473115.mp4,
2023-05-11T12:54:58.470115,2023-05-11T12:56:02.468115,1683809698470115.mp4,
2023-05-11T12:56:02.468115,2023-05-11T12:57:06.465115,1683809762468115.mp4,
2023-05-11T12:57:06.465115,2023-05-11T12:58:10.462115,1683809826465115.mp4,
2023-05-11T12:58:10.462115,2023-05-11T12:59:14.459115,1683809890462115.mp4,
2023-05-11T12:59:14.459115,2023-05-11T13:00:18.456115,1683809954459115.mp4,
2023-05-11T13:00:18.456115,2023-05-11T13:01:22.453115,1683810018456115.mp4,
2023-05-11T13:01:22.453115,2023-05-11T13:02:26.451115,1683810082453115.mp4,
2023-05-11T13:02:26.451115,2023-05-11T13:03:30.448115,1683810146451115.mp4,
2023-05-11T13:03:30.448115,2023-05-11T13:04:34.445115,1683810210448115.mp4,
2023-05-11T13:04:34.445115,2023-05-11T13:05:38.442115,1683810274445115.mp4,
2023-05-11T13:05:38.442115,2023-05-11T13:06:42.439115,1683810338442115.mp4,
2023-05-11T13:06:42.439115,2023-05-11T13:07:46.437115,1683810402439115.mp4,
2023-05-11T13:07:46.437115,2023-05-11T13:08:50.434115,1683810466437115.mp4,
2023-05-11T13:08:50.434115,2023-05-11T13:09:54.431115,1683810530434115.mp4,
2023-05-11T13:09:54.431115,2023-05-11T13:10:58.428115,1683810594431115.mp4,
2023-05-11T13:10:58.428115,2023-05-11T13:12:02.425115,1683810658428115.mp4,
2023-05-11T13:12:02.425115,2023-05-11T13:13:06.423115,1683810722425115.mp4,
2023-05-11T13:13:06.423115,2023-05-11T13:14:10.420115,1683810786423115.mp4,
2023-05-11T13:14:10.420115,2023-05-11T13:15:14.417115,1683810850420115.mp4,
2023-05-11T13:15:14.417115,2023-05-11T13:16:18.414115,1683810914417115.mp4,
2023-05-11T13:16:18.414115,2023-05-11T13:17:22.411115,1683810978414115.mp4,
2023-05-11T13:17:22.411115,2023-05-11T13:18:26.409115,1683811042411115.mp4,
2023-05-11T13:18:26.409115,2023-05-11T13:19:30.406115,1683811106409115.mp4,
2023-05-11T13:19:30.406115,2023-05-11T13:20:34.403115,1683811170406115.mp4,
2023-05-11T13:20:34.403115,2023-05-11T13:21:38.400115,1683811234403115.mp4,
2023-05-11T13:21:38.400115,2023-05-11T13:22:42.397115,1683811298400115.mp4,
2023-05-11T13:22:42.397115,2023-05-11T13:23:46.395115,1683811362397115.mp4,
2023-05-11T13:23:46.395115,2023-05-11T13:24:50.392115,1683811426395115.mp4,
2023-05-11T13:24:50.392115,2023-05-11T13:25:51.349115,1683811490392115.mp4,
2023-05-11T13:25:51.349115,2023-05-11T13:26:54.146115,1683811551349115.mp4,
